student_id,grade_math,grade_physics,grade_chemistry,grade_biology,grade_history,grade_economics,grade_sociology,grade_geography,grade_informatics,interest_math,interest_physics,interest_chemistry,interest_biology,interest_history,interest_economics,interest_sociology,interest_geography,interest_informatics,gender,parent_education,family_income
1,69.07606075761132,66.36009230320184,75.48521627944827,66.69049883588963,77.70456825779839,74.49761890550863,72.6105195313359,65.92436337958402,69.23228669431667,4,4,2,3,4,1,4,2,4,F,S2,5419636.024680063
2,47.590451555402986,70.41380723057001,71.93283600678183,59.75709466830008,82.97736314578634,63.608582714101175,77.67742665703261,100.0,58.88994390044779,3,3,2,4,4,4,2,5,1,M,S3,3451056.396448558
3,78.71145873371309,68.9601481328418,75.865897874729,73.44322764607921,86.67782061659807,77.54420843301213,78.37602662075201,70.88123033877532,70.12393775927507,3,3,3,3,5,4,3,4,3,M,S1,6061886.550454511
4,97.0845052586618,94.98049542287028,59.204792426874064,62.894988409306315,58.86589344449208,67.52892111059737,75.54919298652257,77.42015144067797,59.695212568127474,1,2,4,4,5,3,4,4,3,F,D3,5581767.322295699
5,79.78979825746391,78.33662105286949,85.375399442579,69.89983601145254,72.30125064706628,65.21236284217693,70.55706739923889,78.77300493044852,82.56988616645351,2,4,4,3,5,2,2,1,4,M,D3,5270796.262708147
6,100.0,72.97153780329847,75.46915434950259,92.82163618536079,80.90274619061788,77.16861036982938,79.42116665313473,77.50243932573649,63.602455718432935,2,5,3,3,3,4,5,4,2,M,D3,4799898.713162684
7,64.87895624739832,58.451433281342304,83.23170583961914,75.73317967188405,62.10039100258946,62.04921227936384,71.64215300709871,91.69021525289392,72.40408648636395,1,3,3,1,3,3,4,5,4,F,D3,3474211.7441819143
8,80.16669308648123,67.00889429174735,73.35464341950303,75.00699117557174,76.58255980953368,68.22433787266293,76.49286563472478,67.1745629476552,81.74280468746775,3,3,5,2,4,1,1,2,2,M,S3,5305552.697208274
9,76.09732639187793,73.16063844591021,80.13795413580611,72.05633338981694,89.14963691496664,76.25046031166447,72.43182972074268,85.2428658177939,58.77476369802248,3,3,2,1,4,4,3,5,3,M,S1,4586285.651597013
10,64.42468748566658,68.96563745097237,72.42877728752782,88.63153102106705,82.69919558529664,78.30319068242616,83.70009907564075,80.27383715692483,77.61937611106826,2,4,3,4,4,2,4,3,3,F,S1,5386209.851873986
11,76.1422764866204,76.50301761461877,71.36387787786144,74.43054376278933,78.0780176889206,57.89831607343375,61.518145778942866,82.43264094022715,76.70865438127942,3,3,3,2,2,3,2,3,1,M,D3,4157949.7113565123
12,78.1420373295045,70.75784434788214,68.53790638177001,84.11376195804564,65.8345417522456,82.11622650470824,61.67255529211715,100.0,72.84314473098743,3,4,3,4,3,3,3,4,3,F,S1,5648463.096786155
13,73.72304149389228,80.55145288711121,57.45213159424766,73.76106021259442,62.680418742539786,76.45226777129346,77.3599975667733,77.32676357913795,70.19877410203706,5,2,2,5,2,2,5,4,2,M,S3,5995605.820832032
14,85.10141460428619,66.31392810734395,75.44766867094904,87.84533033933894,81.89036203214972,83.37697438400488,88.67985307442414,88.5484517237325,85.28642630303065,3,3,3,2,1,3,3,2,3,M,S3,4768944.926049902
15,86.29069437535142,74.19584226291008,70.34549817595946,83.86517412569054,60.9484007763554,80.01033343517345,64.5751512577286,87.77926829238166,72.38972746753204,3,3,1,2,4,4,3,2,4,M,S1,5123425.983913137
16,85.65480375065351,69.82711549899628,89.0934744018558,97.9889812361925,71.37161439560342,70.54497478599228,89.533844771177,90.79572145730712,69.77139972846732,3,3,2,2,2,2,3,3,5,F,S1,3502468.9388918136
17,73.34276946853385,66.74415156982539,98.09722755406187,68.36103086453335,86.67102914383636,91.21108557787716,59.30039662342657,75.73962964073569,69.82466349091776,2,4,2,3,3,3,2,4,4,F,S1,4171665.4335785434
18,81.32931817755511,77.029230208513,59.84255885002768,90.47505201330061,92.95877673095522,68.87211309515614,71.12298440064016,77.85865390724905,78.34456789987026,4,5,3,2,2,2,3,5,2,M,D3,5335681.927458348
19,40.19191171239916,66.29776757856489,87.05628077952838,78.43135051016874,88.23874803787213,63.681838578673045,58.60603732335944,79.6254855264754,77.40022737685047,3,4,3,3,4,4,4,4,5,F,S2,4749322.879524718
20,76.46713686433323,87.06508966508358,66.83064329012764,78.68673308872901,71.0666118767264,75.28744822934817,87.78451862607298,76.91099068019903,75.46436548156149,2,4,4,5,3,3,3,5,3,F,S3,5418532.288655509
21,70.53566385449471,76.94089992898307,85.73631749859771,64.73484700588939,76.32969674146877,67.99879185060827,86.95046628924842,59.76813095216225,69.41078152728412,3,5,3,2,5,2,1,3,2,M,S1,6682779.784140272
22,88.10543824692213,72.77587221544434,63.530413712665606,73.85409699692032,81.33267502303576,62.72740219079142,91.60136953448242,83.97888538760341,72.93432831568671,2,2,3,3,4,3,4,3,3,M,S1,4654915.346605426
23,79.59929025822144,81.07514327149505,65.55631222456947,78.2324576290898,87.49201767487534,79.91404567019498,64.69282497198476,74.50233490350915,78.74977938339708,2,2,3,2,3,1,4,2,4,M,SMA,4321540.521126385
24,50.76120673371044,59.16097176514277,82.60414656144297,82.85800158650832,79.25457561784965,65.33023856870787,74.5228864385802,74.96397460909432,63.416353108074574,5,4,3,3,3,1,3,2,2,M,D3,4578349.560671068
25,84.88882737309018,81.23309806654603,70.06537183635984,70.5501667862614,77.75510562348254,67.01454684393818,93.11980124134871,78.57925728691768,78.93263151383678,4,2,4,3,4,3,4,3,5,F,S1,5975422.362439554
26,90.6735300195941,72.01696505448554,96.63656499224737,59.42417214138266,85.54363548387204,91.7152023540541,72.9596941901894,73.13943494857119,85.42765175844401,4,1,2,3,2,3,2,3,3,M,D3,5527632.01489057
27,70.16813537700627,90.73986763290033,62.74234336997659,60.3562511979018,77.24451818559972,85.47098302612154,91.83927691457869,70.4111573713106,85.78680833431295,3,3,4,4,1,4,4,2,3,F,S2,5485700.191408918
28,72.0851002100651,58.49508789962238,74.49577148278512,73.43269601777475,85.6240150987512,52.65573557685798,77.35199828854701,63.44431951894283,78.19223342195546,3,3,4,2,4,2,1,3,1,F,SMA,5381260.838369303
29,59.434181013402494,70.71884839034088,90.00759790634311,83.50221742113493,71.5134786559214,71.50742295681572,71.78364948782617,95.76747983560841,78.81935452231554,3,4,3,3,3,3,3,4,3,M,SMA,4803626.040845376
30,64.65045135467867,73.1000561281762,79.48390293615861,69.11236463793205,75.09291752530913,76.39342593621264,79.52534891821335,73.66420158694784,85.85866341867806,1,5,2,3,2,4,3,2,4,F,D3,4754058.680597118
31,73.9715583686393,74.73205653364336,81.6846812952911,69.83103137110217,78.73396191913555,80.07015764487191,76.98289377371866,72.40394177550526,76.8064546427544,4,4,5,2,3,1,4,3,3,M,SMA,5453598.266357337
32,67.14646857487946,84.01474629947786,73.61137412805328,71.35797516512062,82.5287567761397,71.80443237680919,84.48176825362302,84.79592950840866,61.65196161781023,4,2,4,5,4,1,4,5,3,M,S1,4947945.019955165
33,79.51095296582979,64.50993077429514,75.0278237092158,91.20429645104073,81.22396870523288,75.58401472102668,75.89608159927609,63.18606016701199,73.50012108600275,1,4,1,4,4,4,3,4,3,M,S2,5193960.462749511
34,78.80047463459026,62.82695144136987,70.17953205171783,61.024817671561266,74.04754921774655,78.90402343916267,63.89961894908548,95.49178922684823,77.7810601909196,3,4,2,3,2,5,2,3,3,M,SMA,5592238.616611552
35,59.070062664683306,79.40474737960399,74.80362201073319,80.52489954417148,77.23914134064661,88.64140429973844,76.25224502647907,70.70594458874747,76.22297503032284,4,3,3,2,2,2,5,2,2,M,S2,6204352.427218529
36,69.39551848510476,93.19573046698656,66.71806018734236,77.39477461705897,67.17982363092392,97.22695629135075,62.62179055912884,80.24362747252911,67.650895855222,3,3,4,5,1,3,4,1,3,M,S3,4996874.303869724
37,68.82187320743384,93.96494383129561,92.08546369766887,70.87475347482855,78.89960586029902,87.04068018884884,81.81296174420471,72.26535753545176,67.51364685963667,4,4,5,1,2,4,1,4,3,F,S3,5294251.318368093
38,68.98112788798767,81.31291283260168,59.43384029203197,64.04716547903504,82.32975179261481,61.4274476917322,73.10918530838127,73.56487655644588,69.71337996662838,1,2,2,3,3,3,2,4,1,M,S2,2267142.901021469
39,88.14009474643899,62.85456510273593,69.660908986832,60.92855973785083,75.72996755973358,82.80078179716583,75.75187087606186,87.27050059970152,67.5082075937087,3,2,3,4,4,2,2,2,3,M,SMA,2245691.940345055
40,80.07991326912544,63.966333938261265,53.471094070475175,78.88578604530964,99.9299951743279,74.93929088460106,83.38490774451643,75.81829358547564,74.01110346808858,4,3,3,3,2,4,3,2,4,F,S2,3652298.027313444
41,82.12271489505878,76.20225633434212,67.77818692073028,100.0,84.1237461396287,59.02288080226591,69.83743984062873,84.31776097408705,67.00461078767316,3,4,1,3,3,3,3,4,3,F,D3,6088650.234744549
42,70.41043114175426,58.435671348288494,87.5643634234519,86.43987919202164,54.84400563336902,69.37399718346308,68.98416318585724,91.39488659417503,74.00707289958343,2,4,2,3,2,2,4,5,2,M,S2,5939114.638261726
43,84.49554135441323,60.151020315500965,49.46078865098045,84.34319911239274,61.33121301584579,72.75234598107316,63.298869739406406,56.9801956241998,80.41462728204787,4,2,1,2,3,2,3,3,4,M,SMA,2059762.987559252
44,95.60558616616052,63.06940045089764,74.59911487343446,86.68217721816865,66.37094661249502,51.973030104552834,70.55054239875328,66.25179619923881,52.23626491407998,3,3,4,2,1,3,3,4,4,M,SMA,6821718.70086102
45,68.59506565230816,76.68395192475246,63.08709860712194,75.62685396886873,75.88646697398012,92.22128605684969,72.71017138509754,75.90042837653286,77.36961415712042,3,2,4,2,2,4,4,3,3,M,S3,6778556.231994496
46,82.18953310665067,84.96047685805816,67.43204911430539,60.78189333258156,90.01333651955487,71.77320161157864,72.49166983544953,88.28194141849058,80.5623000940066,3,5,2,4,3,3,5,4,4,M,D3,6608761.005964704
47,80.56820840774998,72.89629841438955,69.05223745444337,62.18702326523145,57.62270244948708,55.52116486678837,80.79442572867262,76.47699325226777,70.16188868458903,3,3,3,2,4,3,3,4,2,M,S2,4779501.826704391
48,71.35532737479771,66.71537231032272,84.09340018105375,92.29891154519835,78.00192162600194,78.22490715672818,68.17669370142507,63.0390276817562,74.60261095193826,2,1,4,4,2,3,4,3,2,F,SMA,4650659.880144352
49,80.39132103182806,78.41629219369115,66.44488642021747,68.79154780717357,78.38865157051742,83.16871780020408,85.99904950917883,66.41894455231807,79.33120534677194,4,2,4,5,5,3,3,4,4,F,S1,5951361.714588834
50,79.75285589319891,77.31512739295572,41.48389483095322,72.12408980549812,65.58410482649354,87.10739538939086,81.19037198286294,70.41863012786266,71.42282817730755,3,3,2,1,3,4,2,3,4,F,D3,3509932.691624215
51,91.06119491831294,90.62459506862115,65.07657160125149,78.85884383084326,85.6759930081249,83.4832950037633,75.81563034984366,88.06557461764348,65.95485311010567,3,2,4,2,3,4,4,2,4,M,SMA,4905066.318291555
52,97.70865281035546,80.45121747588932,65.5658448499162,78.03780309490506,61.23308459361918,82.1799030991617,91.75547393544485,91.79791685083958,82.34893503474339,2,2,2,1,4,3,4,4,3,F,SMA,5218942.414569725
53,78.547784821702,64.02137641650776,78.95309462458484,69.26562178457762,78.53482905948667,76.21505011401716,65.23624728716628,66.07544160643096,78.55022454421517,3,2,2,3,5,2,3,3,2,M,S1,6105265.84563865
54,72.18672442881787,75.66990717224871,80.159392177041,59.374541431134574,69.70947322653706,82.94264679621827,62.45710576830751,77.9355793216663,61.43418195376595,3,3,1,4,2,2,3,4,2,F,S2,5092519.774771958
55,72.0445875985345,76.52315513576625,78.79482057165508,93.11504812593517,74.17352214961811,66.70983080341637,62.33659494374296,74.42016052567766,70.51619780946118,5,5,2,2,3,4,3,2,3,M,SMA,4031053.731313197
56,67.00807993349747,70.17256477817968,65.46671391741287,76.22670315994796,91.2467845846956,78.23079273116029,72.47646497873713,72.08188731084456,59.36809191303343,4,3,3,5,3,2,3,4,3,F,S2,2842583.03252395
57,78.62570815026486,88.68421954472674,86.88145734706984,80.36743623012461,82.65390214170434,73.0817854179336,62.80885388680783,76.1772121738091,84.82573463627777,4,4,3,3,3,2,2,3,4,M,S3,8093787.378864718
58,64.32467085745728,75.24219456672758,89.12220555415429,74.20358608754285,79.52371796249734,64.37606471853121,79.28307097207649,73.12855734995452,84.85729995679863,4,5,4,3,3,3,3,3,3,M,S2,6976396.303411939
59,71.96338476126004,55.44723573689899,73.34600981856488,88.0596991732719,74.08830880443813,52.59950101480497,70.01637607807554,84.92688538912792,80.45817174562015,2,2,3,2,1,4,4,1,4,M,S2,5605595.135504914
60,74.75804393609084,65.96298139269872,78.24359281721603,63.20960208840198,86.87679388461564,70.35382702701607,77.0115965587284,77.83287871546142,72.41095026295923,4,3,4,2,3,5,2,2,4,F,SMA,5269372.672909397
61,82.23610587228875,81.67460781639312,62.879101080617346,83.34232665740161,77.72697793529935,81.50381788721269,65.33687614234867,76.50136116371385,57.95121445867676,1,3,4,3,3,3,2,3,3,F,SMA,5769658.697264124
62,72.40453322416083,82.38810480887503,81.15367484013053,65.64561297955404,85.85982116175032,69.64036554885952,83.08057798281145,78.6728731340134,93.38183676795123,3,3,3,3,4,1,2,2,4,M,S3,7565920.058872888
63,69.9516943515505,82.95071616805784,58.73988908223447,70.04141589263187,78.53392837596908,88.93159969089781,62.74066635015797,82.86090640741111,74.36776543517041,1,3,5,2,3,2,3,4,3,M,S2,3782765.4833997134
64,78.88720123051108,82.27319847020715,68.25779593688137,72.92368947017621,57.50022125781203,84.06857695125736,72.8450179768013,83.06564176680999,77.06049517879514,3,1,2,1,2,5,2,1,4,M,SMA,8545576.803945052
65,71.90790922950137,67.47843594409417,78.19174510419181,88.40450446023145,56.248275303542556,76.15026079147417,73.3986720443336,81.71340076450466,77.1319662823769,2,3,2,4,3,5,3,2,1,F,S1,6247023.900594882
66,73.18521670420805,82.72021562003422,90.3132374457947,84.21247684910345,69.57627678561204,76.44867664657555,68.85227134843082,67.91711537398336,78.42815162402624,2,1,2,3,5,3,4,3,4,F,S1,6735644.578195938
67,74.01411867715738,75.18849622944848,82.08214423256557,77.33216131263502,84.53136633913245,77.87124165201824,68.87562625359563,78.61503525206102,63.56273792679338,3,3,3,3,1,2,3,3,2,M,SMA,6283190.013023967
68,87.8732439015214,79.7097850370678,83.45601514466952,93.40217134841991,67.54526507937885,65.56149294576282,64.0541346044707,72.34230413506017,89.33422419825169,4,3,1,2,1,4,5,4,2,F,S2,7223033.740423686
69,63.94295331514064,72.85078969711265,71.91965715814258,82.7966053226934,88.10308746119608,88.95683810789956,69.37831973421697,72.90778126255472,58.1656180777905,2,4,5,2,2,3,3,2,3,M,S1,3327878.4390126662
70,75.9767585556028,73.85712044398115,73.42702574799097,73.51472447638368,82.36389470184598,58.9264034299742,66.00212137215827,74.59428173254824,63.2133691052875,3,3,2,2,1,2,3,3,3,F,S2,3833121.7809989285
71,100.0,56.94394527093233,69.83757912990839,68.23494878550864,70.66740116512456,85.19924579596974,80.42826559319025,83.48766502606424,75.30495504753598,2,2,4,3,4,3,2,2,4,M,SMA,3646870.6012223866
72,85.60642930486165,85.6534762654163,68.65656894164321,92.18850490404822,72.12893307469751,75.84782864643958,74.15347458151572,80.2376021744568,77.71421493800942,3,2,1,4,2,3,3,5,3,M,D3,4407803.6556138545
73,78.77100393902187,74.70737186315021,86.26050250772168,74.48606276411513,57.26967531793119,87.61921500713991,65.94267699137382,68.46233661351181,69.04338705956508,4,1,5,4,3,3,3,4,4,F,S3,5244591.601144124
74,74.92270777745262,61.15353379305397,84.63088998213033,67.17730979673672,64.20309297497653,83.85458958900338,82.89134025146679,75.79000083611062,85.79543620811641,4,4,2,4,3,5,3,3,2,M,S3,5283931.841353334
75,79.66725467592104,79.85962282927271,78.49172540311856,81.71037012679807,72.77458164085601,66.27484684408128,65.40172003086352,84.75051095303468,79.7032231052829,1,4,5,2,3,3,4,2,3,F,S3,3347507.1269308967
76,81.3629316843861,72.20891525100306,85.2770440660569,67.1105923124093,70.29171023486174,86.50296026301393,77.79842660997609,60.2267195909386,77.57760882860111,4,3,4,2,3,4,3,4,3,F,S2,8328109.515801262
77,67.33013389864279,64.6589881054307,80.23771109832894,57.618195276634566,68.04530768678387,90.57098540624207,80.56217578997503,83.1223978093922,68.43089399502526,1,4,4,4,3,2,5,3,3,F,S3,5277351.225393466
78,64.47034921599693,77.07649335404092,85.5994055605915,56.204393719899784,63.109271341961524,76.84813270764185,79.60419729440048,82.38080374909651,76.10889478887768,3,4,3,2,3,3,2,3,3,M,S3,5236626.171544573
79,97.4113456902073,70.89718564029003,50.74785722127399,74.69828333370864,74.26966520181197,86.11718567524188,77.88126236727705,66.66164816560197,72.13608126503223,3,1,4,2,4,3,4,4,4,M,S3,4852341.520766552
80,70.6603385792719,76.3829868978581,71.60085494230783,99.67203710812493,65.07641713509486,85.02085216590409,80.17196834539014,77.29872208123938,89.7988609991384,3,2,3,3,4,4,2,4,3,M,S1,5665420.884023268
81,89.11876518894528,69.49088817445147,58.03820932304412,71.71465091537269,70.5803180274579,71.63926013849964,77.31648015483982,85.97842360888272,73.08294086102863,2,2,3,1,2,4,2,4,2,F,S1,5886532.334839814
82,94.91252601643521,78.55792974927662,82.68517114149556,87.61933876731534,76.7971845309845,59.47622538414939,82.88963355234398,70.28140405566536,71.0247017904454,3,4,3,4,2,3,4,5,5,M,S2,5649465.024091598
83,68.29163963266505,81.29699852712584,82.68342949486146,89.47861436076744,63.628586194637776,65.60594216199483,75.21382211104707,78.77727662321635,86.22863953733807,4,3,3,3,5,3,3,3,3,F,S2,2466412.326006656
84,67.80680009870447,68.01049560536399,87.52212909759818,81.54654162908008,76.84652775904601,77.81735063829375,90.68339276030125,73.29820333493448,61.859326914659604,4,3,4,3,2,3,3,3,5,M,S2,3351946.2839229493
85,59.01875648116253,79.62172666081943,95.24309623286852,61.368259954071895,76.89706167610396,68.3801782220339,79.25887206193036,75.19147777415752,68.58513090955691,3,5,3,4,2,2,3,4,3,F,S2,5927732.570684713
86,72.92522477316128,81.28625232841216,62.306047933843956,68.04328622151797,64.15808608977676,79.69571818348433,82.14103499720093,73.46173972801634,66.27070323260435,3,3,2,3,2,1,2,1,3,M,S1,5225608.157264246
87,82.82837164737892,60.60225786889916,56.59670963765828,91.10171529378607,66.96027601193022,82.46088119539684,64.14543923103784,82.08421042894582,91.8354649877845,2,1,5,4,3,3,2,4,2,M,D3,5168773.567382172
88,84.83152210919859,68.43690608769734,67.07305717813922,82.46100986869324,58.74964030753092,75.92179509636487,71.83441647737487,60.94245269347044,65.68732420283736,3,4,2,4,3,4,2,3,3,M,S3,4730734.305887733
89,81.90236800380272,49.416316167428974,67.6848659610367,64.76804488681705,64.70065329094253,67.50968529044904,87.17373569751629,83.20555419006374,72.48269318007495,4,2,2,4,4,3,2,4,1,M,S1,7246053.456401188
90,69.95447562915783,57.516183438591355,76.33093735136784,71.75226526720824,98.00395642685172,79.75366034347212,73.53657646345164,65.75502790744396,78.30166841192967,4,3,2,4,3,3,3,3,3,F,S1,6413357.227246042
91,81.4181553024169,63.86146900398867,82.37373135260825,86.4113273153125,91.34134993488868,53.56632675862641,73.17098342884782,55.34899425646411,50.649363102271764,3,3,3,3,4,3,5,3,5,F,S1,2332473.5491019287
92,68.45054039197309,64.63048994025058,74.51793918512938,76.87164020486162,77.2992646789343,85.54128676018979,89.9358276930887,84.67487749238639,69.39064785776253,2,3,3,3,2,4,3,3,3,M,S1,4640151.624379759
93,81.76310059997579,73.62645826093856,85.09065296047328,73.14570532346926,60.68482002276686,80.97274887556583,68.26376858966597,72.66632711236466,87.37572047484117,2,3,3,4,4,3,3,3,4,F,S3,5636709.641371865
94,73.31906534034755,79.0491409895913,74.57664341801762,76.13096137820237,65.6067326213406,75.43874963760716,78.78666234251412,78.41127313439709,62.12480973940701,3,2,3,2,5,3,4,5,2,M,S1,5653512.366358867
95,69.53319915412735,72.28344889673947,91.73452090298537,88.40461051790348,62.004187630724026,83.29732417879174,83.11396554491591,63.51736711247382,83.1877764375486,5,2,2,4,3,4,3,3,2,F,SMA,5213083.717390999
96,69.9911855869792,81.21218546939048,73.37120422540559,82.01324137048744,75.66981807818733,82.22387928328166,66.05467310863611,89.24462013132634,81.97623370732438,4,2,5,3,4,3,3,3,1,M,S2,5873672.186982246
97,90.68239758919651,87.9036812219467,83.07530999818809,65.26757686627467,78.5918304919208,80.67941743075131,68.01395164403945,66.29482894152311,92.0501414720703,3,5,4,3,3,2,3,4,4,F,S1,3855070.843732128
98,75.37937835447602,81.83328992811069,72.90686180420639,85.72978047766011,98.6387249461936,67.14013967365018,61.18955396846225,78.03818595604876,82.21562505126144,3,4,2,4,2,5,5,2,2,M,D3,6289381.830469703
99,68.09613373861323,75.04093007675456,82.93169366793097,74.83464249752375,77.52060342705278,71.23867619025864,92.49224202527154,64.81750355671772,68.00761782714872,3,4,2,3,3,2,3,2,2,F,S1,9423641.637963088
100,87.44679580736786,61.489256337919784,61.7754204325643,79.81866061718492,80.47264797377967,80.48883835317365,72.45044206446302,73.745457399971,78.27879524159357,3,1,3,2,3,5,3,3,4,M,S1,5724031.83081382
101,72.87191738518395,74.62626140201387,71.32771009669504,56.63825535567502,90.94734007316916,68.61138472055627,72.77795337077099,50.905256787817095,90.94855348698208,3,3,4,2,4,1,4,5,2,M,D3,3830515.5793089354
102,72.12106993558706,76.05749479444353,59.727800775286255,60.82376065815228,80.99859299835646,73.5391317846832,69.07073466951978,67.63013819583244,68.01511204276306,3,3,1,4,4,1,4,4,3,M,S3,3054247.0671726856
103,78.27821172843085,84.2427013953783,64.86104047707462,75.8568716140336,65.74575373940412,77.55383755674318,66.04653677636976,70.91899160839779,65.04184605209771,4,4,3,3,2,3,3,5,2,M,S1,3355396.2707728976
104,83.3823687957114,87.44498076021058,76.32020922617558,78.61442036947325,78.3834666692159,54.141841410767114,73.131304031496,72.61087158015971,89.30155636559878,3,3,3,4,3,2,3,4,3,F,S2,5066401.96002367
105,68.93299705234703,77.11283692279473,87.00078956426862,70.08097552493795,56.23447293958126,81.19711445966136,68.6463761117437,63.103333409096386,68.75654610286776,3,2,1,4,4,4,2,3,3,F,D3,5402800.9796972135
106,90.13009266003989,88.96596891581264,79.14647985104783,82.51130847805851,81.24071415119475,63.55738568608292,75.57290354453016,85.7424723394466,90.26186317361662,2,4,3,3,3,3,4,4,4,M,S3,5465886.888309054
107,64.67476096472461,78.97927049946809,93.0930634973311,72.81954104607627,66.52366071380915,68.4791111140694,64.10366962657612,67.15238091872297,71.2949190140997,2,3,4,2,5,4,4,2,4,F,SMA,5147465.288357154
108,74.47171995425231,60.77993475092467,86.05060729802909,66.8259910309265,68.90432171164016,64.86684164402274,82.01186326070373,59.740702812274044,81.17874800464568,4,4,4,4,2,4,3,3,3,M,S2,5737313.181315964
109,75.95344199441308,72.36551783917751,81.79142775438196,71.97954500510136,71.70552213652908,82.31870704288295,78.35058029084118,78.16155957182778,79.69267589808527,1,4,4,2,3,3,3,3,4,M,S2,3198044.975348249
110,81.91881144855087,88.34903247843444,81.29749878398674,85.71411301887491,95.20049106929648,84.66760462608947,78.30573392625436,91.33948183523648,92.54775544846585,5,3,2,2,4,3,3,4,2,M,S3,5211753.948037312
111,81.25508016831036,83.8523148298899,69.07644044347947,76.23547695955583,94.54157433750287,69.94253295738064,64.410924129434,89.81663402462598,94.62587190530795,3,4,4,2,3,4,5,4,2,F,D3,6428897.59197336
112,79.73693136732227,80.23079004002395,88.30867180367167,83.46518091727337,79.99766438496023,65.1973882370249,100.0,63.96817242691767,71.87457262899835,1,4,3,4,1,4,2,3,4,F,S1,5391900.026197849
113,79.28790639938724,71.58892097451283,73.3353087176477,77.11878678651823,66.04443906453665,84.9600865938867,77.88653930807484,75.74776267921969,86.92496559031471,3,3,3,3,3,2,3,2,2,F,D3,4263269.379286843
114,72.15124506630329,72.4382024750462,72.58502554129221,74.38235800139871,79.79441518086064,83.74517074132523,68.50234773151733,62.967991446108556,64.57955587756896,3,3,2,2,3,3,4,2,3,M,D3,3609952.536729034
115,80.33225561555642,83.49635001759867,64.3077833471024,78.6431952062795,90.12016000005723,73.84107938638867,64.2016084621148,63.73908091172784,73.39262558688137,4,3,3,2,4,2,2,4,1,F,SMA,4378818.248081681
116,83.05890228547827,87.23853198573728,76.36821829671294,63.15639827687977,70.00615701408628,92.02696488347937,74.25255831849833,41.752442800889035,60.31076536329806,3,4,3,4,2,1,3,3,3,M,S2,3117338.3761150464
117,97.18780233448135,73.40954789599948,77.95624488747094,59.833574505792086,89.76934426118274,63.32220448732065,77.16775563762629,64.02697472367156,69.11133173261304,2,2,2,2,4,2,3,4,2,M,S1,6857356.910969648
118,66.23007405489449,56.476729009842394,83.35434088215865,76.35402482483612,58.31561246097372,100.0,81.24419412256552,81.70100040125152,88.65817752562049,2,3,2,2,3,1,2,2,3,M,D3,5862051.892498023
119,79.29624940633674,88.65148761892081,83.64529908540796,90.18886581452664,75.7997649477807,91.11790591312396,78.5973676435746,76.68706261095203,89.61526206276503,2,5,3,2,4,3,5,3,3,F,S2,6084479.394678832
120,70.46258387161672,81.49228790305098,82.57393468977389,68.5236788641146,63.764708790860055,90.31899916544545,73.07700965970918,77.24848816045639,79.85464524646741,2,3,3,2,2,4,4,3,2,M,S1,3414000.7742379047
121,90.33854941032175,76.37844504880783,67.97271984087361,62.95306717171887,80.05404273430997,76.95845247010685,81.95020695088223,60.37775260310158,63.277395471085,4,3,4,2,2,4,4,2,2,F,S1,5028732.372586789
122,77.29700747167855,61.11609859228305,72.82716303063177,70.02732386077662,68.59095650751917,64.82963330608553,84.41257854794797,68.55613071201972,55.05054714186715,3,4,2,2,2,3,4,3,4,M,D3,3546752.5526798707
123,86.35620147182944,63.93706487588366,66.75485838472326,68.914102767603,69.71022291935985,64.43442357239748,87.23083067095325,72.41145599630168,78.5250496835688,2,1,3,1,3,2,5,4,3,F,S2,6278268.327212027
124,87.51456421814265,94.09418652293493,83.09889321661117,72.8326348559576,83.59313791122972,79.66716234005182,80.06366977526254,76.77218785071686,65.87945897846093,2,3,3,2,3,5,1,4,3,M,D3,5675983.333001982
125,70.86394466578356,93.8768765734019,80.56553124533758,61.64518430900109,79.86036289417638,59.52696011061634,85.82691053887073,70.28875348182122,74.06363811260829,4,2,2,2,4,1,1,3,4,M,S3,7241376.869384497
126,79.36335188415508,67.85485467594262,83.96974438620475,69.6669526657213,77.25698137811523,93.36674630859405,60.68717612361946,73.24218078233464,79.0827164090203,4,2,1,4,2,2,5,3,3,M,S1,4730300.832272702
127,82.37252532943198,64.08388805371791,68.6317355027666,56.42280138642289,90.96048491395555,71.43261436740973,98.33289321649782,94.55230030907778,65.96573583631056,2,3,1,3,2,5,3,3,2,M,S1,3684604.3238245184
128,63.85216095283485,52.43867692507055,68.36806551624642,63.50370801049186,65.16067116889943,72.28179696720346,69.00171123457102,63.337621061406935,53.841584347667734,3,4,3,3,3,5,1,3,1,F,S2,5543477.688103339
129,78.37933720634662,72.49601352629914,87.50954474226849,77.26228820584087,85.02416458672008,85.84726142174945,63.80444273911589,67.60983129978852,79.51610682726256,3,3,4,3,2,2,5,3,2,F,SMA,3554783.69339721
130,68.76070699217257,73.95286741374662,47.96519870238428,76.86804392477653,64.44909491675116,88.90522571601059,72.29823279256026,84.4284617173273,86.10348979914293,4,2,2,3,4,2,3,3,2,F,S2,3547837.5675063236
131,71.119020929004,61.11014863827542,68.08625502586064,85.45134548384269,83.23309452104183,64.50120759107246,84.58204917294233,55.33560730863951,99.29144322012154,4,2,3,2,3,3,2,3,2,M,S2,4834001.947164006
132,66.03357772684792,83.41983695452127,71.30792799552555,45.930117806783585,71.25177943378193,64.61456179156028,58.687241845390545,62.62573361777427,76.0940847183297,4,3,2,3,3,2,2,1,3,F,S3,5237080.234880198
133,85.79113303993927,69.21098967663568,62.061805981955786,62.6587886499093,67.63198294678621,71.33268451960981,78.05062138965167,66.9903240310402,77.80391971113315,3,3,2,3,5,3,1,4,2,M,S3,4449758.501139384
134,89.97776541242023,96.14331714730096,65.46581097622325,75.09044208198965,96.0373191781631,73.78920038590957,75.368121457654,58.29994525625108,69.68338099680332,4,5,3,1,2,3,4,4,3,F,S2,6963716.580376394
135,73.61948150027622,72.14360432501411,81.83672421416917,74.44552637886207,86.6049353739401,62.31194092424478,62.4782555253566,82.65809491326218,63.35189060661396,4,3,2,3,2,2,3,3,3,M,D3,4906836.005119723
136,87.28839295072554,81.89404936780267,86.06637784218093,74.4094791774016,92.89313085864167,86.66887875689856,80.09536295435932,87.55972920431155,70.80838058166027,2,3,3,3,4,3,3,3,4,M,S2,6052813.671961879
137,59.078564722056726,83.74176917238323,78.73768428093494,86.01956697397424,59.612444757247474,80.07134489545268,72.65340662453437,76.4378800992553,72.76840365819109,4,3,2,3,3,3,1,4,3,M,S1,5954548.591629395
138,71.72679803725144,63.478306204799814,76.78030734679372,76.23106084587609,84.24334282991782,70.56264485139509,86.94922134864996,69.59746996664232,61.54168215457578,2,3,3,3,3,4,3,1,3,F,S3,1989831.9683502782
139,65.1377551371748,89.18556686391851,83.42831244728431,87.06480155415055,76.89563856434631,65.0723482424818,82.80815427814137,68.7539909323166,76.17884506103356,3,4,4,3,1,2,4,3,1,F,S1,8832029.488853173
140,68.5780534746573,66.46696693173666,75.85284233493351,86.80490877972962,97.78401986529228,81.57364963389571,62.2959125602057,94.70864270717799,74.80531300922902,2,2,4,3,3,4,2,4,2,M,S2,8246011.060868535
141,80.02784426895194,92.96360822926964,82.06078913815132,72.57318723187967,64.73630792334107,87.3000057271915,65.35294574249285,91.28468554772321,72.1561535039349,5,4,3,2,3,3,3,2,3,M,SMA,3123955.905517661
142,75.21943808215332,54.35042612415265,68.14001958280579,65.72215890939239,72.60623148491085,72.8667020069073,84.59956674433745,90.834772772496,63.8222115976303,5,2,3,4,5,2,1,4,2,M,S2,4457617.129136611
143,80.05965553455866,67.71727797593387,96.65056067806603,86.90548594343596,77.12574030632214,85.26986263319732,86.05900424357309,69.36052511941757,66.83782755458036,3,4,3,1,2,3,3,5,2,M,D3,5414744.2150608245
144,41.60499821745758,68.76423908797985,64.91337685616544,61.08053759296844,64.88958235390189,80.9578780159936,64.82594978710291,65.16877865418158,58.811946911423206,4,3,1,2,4,4,4,3,1,F,S2,6305373.490866966
145,72.79513845832588,72.35385296627871,91.18381328847835,72.38953808119848,72.35357313699275,61.36921655102306,68.59602320941394,66.82704539119358,67.34777633995307,3,1,1,3,3,3,3,3,3,F,S3,7100599.692192923
146,80.54224703946039,59.55622646651614,76.32272790497422,69.0749043478707,77.34977874816246,62.83674167204901,72.89833092208099,69.82816916193931,69.51833644030754,2,3,3,1,1,3,3,3,2,M,S3,5014197.791034022
147,69.84991723644308,71.77641449154757,48.509004567329406,88.51502903456121,84.11765322842002,57.666161379450855,54.35114537953113,55.507687168347346,81.45169125372819,4,2,3,3,3,4,2,4,2,M,S2,4472641.882099809
148,75.58587137542354,75.52318547822483,79.90828500618096,62.143175817533226,74.62687591753365,76.38131706402721,69.72261775971873,79.04058617459418,61.53630086512219,3,2,3,4,4,4,3,4,3,M,S2,5068384.5552545125
149,98.07020916953611,73.21224916217095,81.76647939299282,89.44487488946501,68.95337932504785,83.2572636294718,67.28530354778508,88.9696158045784,67.39819268771267,3,3,4,5,3,4,5,3,2,M,S2,5762848.816037479
150,91.30581970330063,64.59545034386072,73.15761960554497,57.45914437330646,64.04893948064398,85.74185392178971,65.82650733807877,82.35524254125097,91.5848504196808,3,4,4,2,2,2,2,4,2,M,S1,4947270.159602274
151,81.14841397302973,92.78655126538249,81.56947112324279,83.2806607637238,72.37854856132094,99.41504342169468,71.0185798941153,68.8807787858823,93.09514918518607,2,1,3,3,3,4,2,3,3,F,S1,4830307.92122639
152,62.007836365541756,77.32786742940164,67.43236022984074,53.100782950214466,86.94592220513731,84.58385819842043,75.5166097685108,77.29074688205702,85.74318012715561,3,4,3,4,3,3,2,3,2,M,D3,4042575.9102072585
153,80.22561920875327,56.65191970365444,59.44029973682093,93.62746492357263,67.74903279025823,77.00014851171748,60.108535821008715,75.94124267789276,67.80993332318596,1,4,4,3,4,5,4,3,3,F,S3,3539931.742959448
154,85.0713333647316,78.36144963026229,72.72523740046593,66.76064513028001,67.80890548550813,95.49812095785926,75.00682818957483,82.82130001531459,67.09100618332447,2,4,2,3,3,3,3,3,4,M,D3,6101956.318188995
155,70.98392289342871,73.4546100577013,94.26207562732577,64.52177945872307,66.8549578923839,88.8432441815425,71.25195615504929,70.49378715925106,85.34863856773434,2,4,3,3,3,2,4,2,3,M,S2,2737718.218469107
156,63.43021524857708,74.76975145553499,67.71321933054209,72.07991454486974,70.45966419680556,84.90238453705183,69.13034312907678,71.2265792305219,82.17283581158776,2,3,3,3,2,4,5,3,2,F,S2,5043654.062487534
157,78.73348559711398,78.12378210466572,86.92735165416414,62.42131844091112,82.31380252574992,80.90422061251464,73.57853463059453,78.3868731792169,85.29457481598357,4,2,4,3,3,3,3,4,3,F,SMA,5808716.176925225
158,84.78369937769772,62.76803098278857,91.94511761698497,57.60612388844205,82.04605819709076,89.5328230625247,73.8693653597297,73.49535600176927,81.67660792646923,5,3,2,3,1,4,2,3,4,M,S1,4434634.513385227
159,84.58719428323998,78.41905021265471,74.11420969180332,76.30893487943796,62.132387053472634,76.0800074394697,73.58330214643397,62.40567389562436,68.28924573093457,3,2,1,4,3,1,5,4,3,M,D3,3506894.5954628787
160,93.27261504957013,58.44631118594198,72.14496303028885,75.84323827242234,91.51236578687286,83.96588654236018,58.27750225432681,74.97249758965818,75.2106019836436,3,4,2,3,3,4,3,3,3,F,S2,6110610.683565856
161,53.22934953557145,76.7847666388539,89.28857707813567,60.25867867957894,69.14072326682245,78.2910677871013,87.52842634427483,70.51775383699851,68.07749670734104,1,3,5,3,3,3,3,2,4,M,S2,5432616.7230740925
162,69.37307975559767,60.78846859854379,69.82862919551238,69.74611130363054,85.29882539130331,64.36210383897968,67.10152560950745,77.35388260548012,61.742062286457525,2,1,4,3,3,4,2,3,2,F,SMA,3412244.4185062815
163,65.16206082309178,84.90798088352207,74.07658637008147,62.09211133849408,68.63140413071393,79.19660244812066,67.06063325895167,47.25463134565606,71.77986822792164,3,3,4,3,3,4,3,5,2,F,D3,4647310.501176332
164,61.38527663867271,79.77943877333907,85.18812079700945,92.47687464282984,65.50042045753219,72.56473610814733,65.56135409577153,68.66522007563077,81.64387534235627,2,2,4,3,3,2,4,3,5,F,S3,5241749.254205067
165,86.97186484622428,60.23932908228278,71.19592742589154,71.69021826386394,77.78991794748474,83.61816803218824,62.50604796940472,63.920169579570924,60.98091932283762,4,3,2,3,4,3,3,2,2,F,S2,7413171.28360156
166,83.28229690184622,85.90861670603698,70.37060487974742,73.50059280920891,60.66848185475288,69.75337592933197,79.93654847643151,87.96063061781396,63.92843183197549,3,3,2,4,2,3,3,2,3,F,SMA,4676585.632147966
167,67.21060359183758,71.8490326696789,93.7557146003434,91.19068481108081,65.3173181463135,83.00225338001349,57.68568571102735,70.52657538942634,65.72435647137542,4,2,3,3,3,5,5,3,3,M,S2,6115852.51532044
168,66.67294781394547,73.56884263036223,82.87030836871614,77.97394853531108,73.98279974446955,69.2411828754168,46.00106219725001,81.98320815756202,72.47048300774236,5,3,2,4,4,3,4,2,3,F,S2,5857112.581578171
169,79.29340822801734,78.79639648385965,69.43881253239219,73.6993970644638,91.6906952582633,65.57441994208124,91.14778790709852,71.77971845507942,88.25432109095078,2,4,2,2,3,4,2,2,3,F,S2,3673762.280084348
170,49.115833677958,75.59767837373282,84.49522917961009,64.86194067360137,83.47932173353264,64.64089014987543,73.53441464308321,82.52682315286057,63.12534598261561,3,4,3,2,5,4,1,4,2,F,S2,5294845.321463697
171,71.50560672783044,67.27431251243759,78.79153118726124,87.30222175650788,69.03025713278926,51.09695632530562,70.8777925497553,84.13473732017407,80.3762990294988,3,3,2,4,2,5,4,2,2,M,S3,5761181.50742981
172,83.35754013857502,76.34040886233024,77.40632744025154,64.13374823046293,66.03884971563414,65.52185244871553,81.05458416820535,75.70890652822065,66.03968436234412,4,4,2,3,4,2,4,3,2,F,SMA,5329695.102497153
173,66.65686925959429,80.83442978498067,73.46511968031032,54.40195012591678,59.138983411780366,68.3702121991078,79.1515398434871,68.37920211666031,69.08883262615291,4,2,4,4,3,4,4,3,4,M,SMA,6148173.857648414
174,80.11253278539574,70.88145488955233,83.1136231740471,76.3829811679991,69.9577903607784,73.17172689396706,70.44582308688464,63.16224049181472,87.56685805902102,2,2,1,1,4,4,4,3,3,M,S2,4238415.330045288
175,76.64607845308156,74.58262867623522,89.48350856929277,73.32575798316407,60.579404581417904,56.227758931947044,89.75161347406689,67.1138530223737,81.7021165563331,3,3,3,5,2,3,4,2,4,F,S3,4567741.780767699
176,79.12782752823927,76.86013378199094,85.60592335982366,56.73339982990777,76.41007479699037,86.99642032783947,75.59294227072097,63.576603202332976,85.07507394826652,2,2,2,3,3,2,2,2,2,M,S2,5055137.339824145
177,77.3948946811278,78.99649105418968,86.31151278286177,76.02954416988912,85.66718830054326,71.7808685886991,72.25822486635576,74.09071827176325,82.74124900678213,4,3,2,4,2,2,2,3,4,M,S2,3216151.3023843067
178,85.53985771182876,80.72006278300474,67.95271564389117,59.624152035508246,73.55095420918569,70.5405628613884,76.13140457053022,71.36883338844433,54.9254313925499,3,3,4,2,5,1,4,3,4,F,S2,5119702.226088099
179,73.20183368619959,76.61781912601258,76.67037000726356,79.17395130733917,80.58650915013811,73.2584939025078,65.88664696907904,62.81284671325125,85.17686412736359,4,4,4,3,2,2,2,4,3,M,SMA,4699471.133308754
180,77.31842092134848,86.46030144142065,67.22628515154094,90.58789184496894,59.69538590256623,91.29642131112799,71.27324416048026,72.57301252174719,56.09989828817057,3,2,2,3,4,3,3,2,2,M,S1,7698087.527526967
181,76.36137740131288,48.793290403189474,72.18197619313275,75.98498348024681,76.54048077701772,74.57631589458327,75.66592571751669,47.867573658365885,77.56221836081978,3,4,3,3,4,1,2,2,3,M,S3,6485249.358438933
182,72.82868925053798,80.26536683672308,70.225892938072,68.50173114502563,75.84168230185696,75.12828643543685,79.79827035366833,72.31354246690258,56.63640216229602,3,4,3,3,4,2,1,3,3,F,D3,3550630.5203701193
183,61.708148666551175,74.38811562220978,74.01108567603075,84.75678345438153,65.27847601797339,84.82319482755443,74.02169187900057,63.92058329085004,61.91221687923071,5,3,4,1,5,4,3,3,4,M,S2,1000000.0
184,80.71179406219208,77.43657223702715,64.0979159320057,65.1446039927907,65.30256280365326,76.1053531747394,68.73684723816993,79.9406391897552,46.45373337095609,2,2,3,2,4,1,3,4,5,M,S3,4277351.043359787
185,94.88333993580596,97.80499306477608,63.23979867747239,71.64600079621172,100.0,74.59449384417765,77.44210902546752,59.78870048305421,76.50288631576774,5,4,2,3,2,2,1,3,5,M,S1,2237153.340563214
186,83.9206759973172,69.10107682244393,81.98688813517043,75.25210867540082,59.568817720571296,76.64294765370569,96.96223142152799,79.9298645851446,74.42482246994537,4,3,3,2,3,4,2,4,3,M,SMA,3668345.732692189
187,71.19003594066609,80.46273609557666,67.4963897145819,62.5373598606557,56.12468096991874,69.03582481406681,94.5085180236793,77.71107034897032,84.3957941235518,2,1,2,3,1,2,2,2,1,F,S2,6739071.564950783
188,84.73101561015072,67.209072606233,77.03235954586032,70.42366750662384,76.85688580418739,90.0913101340455,81.05606232631312,80.08608373233442,70.69690680045358,2,3,4,1,2,3,2,2,3,F,SMA,2951573.893714776
189,69.14733199110461,62.59645747849028,77.9364877386307,74.32770437849013,63.628212241974396,66.0717040268192,90.32933370535558,75.32707756268768,76.01685395447298,3,4,2,3,3,1,2,4,4,M,S1,4106697.5972242113
190,84.00533077331592,91.99435983008709,70.98204973058367,81.81362326575305,63.46307718660142,82.54733298067809,76.99423985986768,79.73038282160215,68.54427927964605,1,4,1,3,4,3,5,4,2,M,S3,5040970.069777158
191,55.34071005853022,74.17139327464085,75.17455465252655,61.558971838175864,63.462672092757145,66.548713891734,64.00352705950738,73.92005349836133,68.97035099847841,3,4,4,3,3,4,3,5,4,F,D3,4211553.599021924
192,75.32407013340136,68.27514403993663,77.2327083592026,57.57778307364725,69.53958201183279,64.07878799651434,76.35338347892291,84.94447375508908,81.46006187114551,1,5,3,2,3,3,2,3,2,M,S1,4393457.010964965
193,80.75904436932336,73.50568513988911,86.22203567697716,78.69773437115056,68.76649319709739,78.38384026811141,65.97300335777467,84.46928468357056,61.02847693451848,4,3,3,4,4,4,4,3,2,M,SMA,4812238.357425254
194,83.46882103884914,73.84775767447802,71.15057111589918,80.4090851856099,83.76169167191233,68.31654805153198,74.38924328647624,64.41559366358348,50.019389825070604,3,4,3,1,3,1,4,2,4,F,D3,6418804.4655262185
195,67.38570245574417,71.25467740612717,71.78015633540748,76.08803709705408,85.01366456290862,77.6458453602911,73.73868239676155,84.67311233038215,66.97338609766285,3,4,4,3,1,3,1,3,4,M,S3,3682605.1207648003
196,75.99886954409213,79.80744579767983,89.96710407445981,70.05034519631927,70.02427501690786,86.49672018878746,77.96576938530305,87.67651511187974,77.88728003009837,2,2,1,4,4,5,4,4,2,M,D3,3265376.2748842146
197,78.8308215704482,66.9524065338126,63.53599693282216,79.65773318490824,93.67224204312315,87.43234330479464,82.07186185050095,84.79185435589733,81.37719497181916,3,4,2,3,3,3,3,4,2,M,S2,4965466.312346885
198,68.66571035802848,81.64929019905827,67.35028246621403,79.52053758084224,72.1781223918547,56.209038167342584,84.30959285887998,74.74712778136042,87.75977295765692,1,3,3,3,2,4,5,3,3,F,S1,2933813.8894619397
199,69.26660160784054,72.23510244413247,88.58582869617828,71.458212444643,63.564405402344995,80.41645687850593,88.46643431434481,62.38788148147691,94.7281075471809,3,4,4,4,3,4,3,4,4,M,SMA,6113688.370388931
200,68.62412457924036,77.16683118964286,71.96649932522865,72.81133748264374,82.6624297504051,64.59806280184102,94.45195074276933,56.78913930705504,69.02332316745142,3,4,3,3,3,3,4,4,4,M,S3,3550764.9149443745
201,71.10283109806596,56.513643083694795,73.32442660598774,76.89405900779562,75.98818038928825,69.36610335038995,73.47115880739062,67.50223155715894,63.8816177626314,4,3,3,2,3,3,5,4,2,F,SMA,4385473.716172958
202,72.5936194562993,60.39731985416431,56.88547916237461,93.6098704018361,76.29683909565276,79.04335477630609,65.87705036817246,83.75523607178613,81.9513989590436,2,2,2,3,3,3,4,2,2,F,S1,5000148.53277773
203,74.91886798388249,76.58089225323184,72.22455743684448,87.9127383901588,79.21780074250871,88.10191908080897,72.84039479649768,84.37477492506925,91.35066394527519,4,2,3,3,3,4,2,3,1,M,SMA,5921193.919175664
204,66.30806021448397,62.73929407183693,87.86482064644474,76.53930193099005,80.19036078049626,85.18209584552697,48.8070105049907,81.3478263997032,67.38974815505652,2,3,3,4,3,3,3,2,2,M,D3,4845763.804280084
205,90.05482284711346,81.15174438188672,75.41401950214107,70.27300467629131,76.15116069785675,72.4412618408422,75.69539108893109,94.01635770831969,64.35243844652322,3,4,3,5,4,2,3,2,2,F,D3,8323316.924307147
206,80.56735838835935,64.25035372274182,76.24546802023855,67.00370175832961,72.52286157497046,65.89559289433177,96.07118523206023,68.08615384821778,81.87564351994136,3,2,3,3,4,1,2,4,2,M,SMA,5304416.075465167
207,79.80260501405925,64.4489232451955,83.22782780834002,65.37348988081024,81.9276903184886,86.05833066294713,83.61436525632806,77.51316648238102,72.686990570703,2,4,2,2,4,2,2,2,3,M,D3,5465519.412266866
208,68.92259859833945,64.41474313542885,65.81611511279341,77.92892569154715,74.43854868014796,87.75093021881698,82.90870112203893,82.88784983127302,77.63080801712222,2,3,3,2,4,4,2,2,2,F,S3,5914777.315699423
209,75.812784220562,74.62106918283169,98.88371992870438,86.84256645196173,82.22826894985512,76.11799158203388,85.07157200596669,80.17994776391451,75.26204752774035,3,3,1,3,3,5,3,2,3,M,SMA,5202061.202154207
210,73.81491278285088,64.1592951509577,78.57722769472241,75.22102749849856,80.5642170545854,76.93352779598315,68.4889710298593,82.68333992290314,68.75601719746422,1,3,2,3,5,5,3,2,4,M,D3,4444661.612200469
211,75.30804697490436,73.71651324263122,69.09112637569179,77.88229130345296,65.76527583158166,63.41005399476005,82.0953617072644,81.17750178087284,61.92395519319648,1,2,3,4,3,2,3,3,2,M,SMA,5678484.849447472
212,53.166510815702225,88.36265360422232,78.79892036803483,85.83212821931902,69.36052136888571,70.5667922972381,73.3906364520093,96.3820904755154,88.18105360497066,3,3,4,5,3,3,3,3,2,F,SMA,5744138.507115309
213,74.48131136230099,73.63669157534316,96.4955326373281,93.3348457717698,67.49100529038914,54.56063305347404,74.00799647068443,78.7651013817062,66.39515926617165,2,5,3,4,2,3,3,2,4,M,S3,5989176.861670418
214,66.9605158527252,78.0734561670797,72.52247581760291,88.20414009783835,66.25564351660081,81.27606297561832,72.20492536703466,73.41694521990337,73.1614610684079,2,3,3,3,3,4,4,2,4,M,S3,3220495.3593352186
215,72.40024011331766,66.3069545879246,76.11896704488599,76.03279153006943,90.18624039456428,81.8641750044673,77.16972790036873,65.52485526348607,64.26560880892512,4,3,3,4,1,4,4,1,5,F,S1,4187471.596556479
216,78.40867845125827,71.51817429037379,77.20684945129841,74.24028920541686,71.27508120129853,65.27259226368182,80.14195252747301,75.42570341379033,92.87420855466428,2,4,3,5,4,3,3,2,3,M,D3,2926546.0862948573
217,71.21024931093507,56.30834238999065,66.67508821769368,60.93525995965538,56.54991993566502,82.85591130165302,75.62387396380166,92.95108448343942,65.02358101202371,3,2,2,3,3,3,4,4,2,F,S2,2021605.5261469753
218,73.2442910552342,81.57936292753075,85.45779151602366,78.34460064097004,81.75390735292989,72.00995037917541,69.90832230075037,100.0,83.27160311865211,2,1,3,4,3,1,3,3,1,F,S2,5036249.228075285
219,70.69684155354551,64.94354013608051,56.61387223504304,61.45621070045607,63.83325933289853,81.50922158040969,82.24623146764395,66.1820089553323,48.36345859562606,3,3,3,4,3,2,2,3,2,M,S2,6454322.100333646
220,79.7135249082773,71.32682353331482,72.24610041181926,73.16130700183379,76.88233272701135,78.89169810223449,75.00708627680523,72.09401522656867,69.05884369512016,2,4,5,4,2,4,4,3,3,M,S1,4315545.451216071
221,73.38336762636442,68.90479518306816,63.80008569728383,73.26370966762349,75.84388194328302,65.54147338624045,72.49891541004341,69.73450690579234,64.23024453669491,4,4,4,3,3,2,3,3,5,F,D3,7067704.441192257
222,76.15824587226946,78.89604524091988,52.795789910648736,63.020335707827385,83.87079776446286,77.86774112382587,73.52794721314403,80.64842358600123,91.35797806135815,3,3,3,5,1,4,3,4,2,M,SMA,4926552.453712325
223,78.12650991207323,92.82454216557315,58.694427977526956,75.55262595879017,67.93095220862403,80.21502525569852,73.27669843275434,61.39945345582399,65.18896286050264,2,4,4,3,4,3,3,3,3,M,S1,5622883.74255162
224,69.71370508399822,55.63694193659997,55.37265475137119,64.85363625023287,68.41556833987704,96.72949749360865,81.9838843430609,82.8834302085942,68.62921493749644,3,5,2,3,5,4,5,3,4,F,S1,5164661.58018556
225,85.43061377294812,88.62401935438409,78.09968660984705,80.21845109612117,77.55517756641375,75.04340865049522,82.42194980069104,69.789980609928,93.85382316014633,2,4,4,3,2,4,3,4,3,M,SMA,7113786.542898685
226,77.32006283148803,80.08990520855541,75.918709335802,77.97805881970316,96.02602434896271,74.36051507319353,71.4684596205442,85.41754229019762,66.57077667758207,2,2,3,3,4,3,4,4,2,F,S1,6264059.028047676
227,71.06896249662121,66.28788997651543,66.107563111059,76.94261409679261,67.80583959219919,89.6832413335596,74.62499176925508,90.0139010715954,80.71767054571167,2,3,1,3,2,2,5,4,4,F,S1,3347458.9211643785
228,80.72451935012276,63.93109595450359,94.62796243370614,82.63341624937038,59.43974721214046,74.99073373769848,69.78577955915364,68.60273070218636,76.47103526468418,2,4,4,3,3,4,4,3,2,M,S2,3817420.82919649
229,66.09077407955147,82.19250983055333,89.0517005559536,72.58657227596991,95.52841613079872,81.44291526261254,81.5669425966443,88.6586533518599,91.30734954636374,3,4,4,2,1,3,1,3,3,M,S2,5255898.191694285
230,71.40390295782217,69.12244447500345,61.178440307245296,84.59357359504497,73.61976724550233,64.1476134297598,72.28763858667116,80.49132055965617,75.28840871603312,3,3,2,4,1,3,4,3,3,F,S1,4584296.796139669
231,59.17776833253522,75.5022769916568,79.79507548001608,82.2894119457045,68.07649225766205,68.40960725111356,69.25899324716401,80.36413899891343,85.33881054924208,3,4,3,3,3,4,3,5,2,F,SMA,2099544.438485483
232,81.96759143019159,79.07458439947109,75.16171798945746,85.62356700722921,87.12999364250197,82.98768661473551,66.49699183964466,66.8428888937304,86.17335540001983,1,3,3,1,3,4,2,5,2,F,S2,5862104.369715545
233,78.27871818233291,66.9438625725604,87.26156367551455,67.13068449796114,55.52760975328903,95.33780815743162,79.4249667956793,64.30873235581872,73.37728884930863,2,3,4,4,3,3,4,1,2,M,SMA,3519867.2162431455
234,66.5961029366041,64.23523190022871,70.20598286294006,84.0929722634922,90.26332728412694,50.757496760627994,71.21545346422543,78.02697994376733,77.0267836338519,5,1,1,5,4,2,3,3,2,M,D3,5212667.556037151
235,66.55671551210496,81.42372591641568,75.30747583087499,51.70558348877424,69.2561754953706,78.34838195024622,70.93999336091508,49.53267888237815,88.2075012782616,3,3,3,4,5,2,5,3,2,F,SMA,2903291.7823635545
236,87.02576505225227,76.79914369546417,83.3783053522948,73.98005283364068,66.57567369873674,82.50872779401332,81.54431027105622,84.72056965739722,74.86695364621364,2,1,4,3,2,2,3,2,2,F,S3,3299254.464790469
237,81.11992631914488,57.74325746624897,55.25329105412892,67.50920783348717,79.61230493586658,77.88864947019687,67.34937667089073,86.69408232156462,68.41590064881659,3,3,2,2,4,3,4,3,1,F,SMA,5772007.331582344
238,71.2316232050344,86.13178293300709,64.06892439399878,81.09829077663493,54.20366717752961,81.77208521350184,64.2044958836057,77.76994520427125,88.57340466746174,4,4,4,2,4,1,2,4,3,M,SMA,2197997.1699938844
239,75.79573534942166,82.5882441616361,81.96322862080324,77.7879981238546,72.91331628779534,71.87331554267642,83.57898825291343,80.53569531067794,72.42699999382211,4,3,2,2,2,3,4,2,3,F,S3,6694481.823080462
240,76.56881147760772,73.34280571326576,74.91345346079495,74.7003493351126,73.24234396074688,79.46106362507908,65.64139777877631,66.37208964259692,80.59263689428636,3,4,3,2,4,4,3,4,3,M,S1,6489559.824320754
241,58.90479016919021,68.02690849300973,56.84458370474664,80.36975696943742,87.2547054531447,73.16590012707957,64.94479985484703,65.23753548545464,72.02942792127257,3,4,2,3,3,2,3,3,4,F,S2,2447146.654972497
242,69.38662003557793,71.70510699782014,91.74859672914064,72.25197695247311,52.987565265490815,55.011110931387506,75.3402958634668,81.13770855789909,78.75455857627253,3,4,2,4,1,2,1,3,3,M,SMA,5171152.23833978
243,68.10084021971075,75.41773657364912,72.63895989080793,71.72313458671218,50.75849382962694,62.05294819314451,81.42656731854876,83.04256272947444,56.612232820210046,2,4,2,3,4,3,2,3,5,F,D3,5913103.383686625
244,69.42869427427769,69.13584851111227,68.80227871746122,65.91230329192027,91.84524834603451,83.42297327013902,75.23195978557375,88.51015752487001,59.874710347011245,2,1,2,3,3,3,2,4,3,F,SMA,6099581.422198998
245,56.07237822409948,78.1149085879779,63.12234760082473,71.02676747448638,80.34364898636383,75.91093606255913,66.4846002022068,75.06273156184419,59.68464684756357,4,3,4,2,2,2,4,2,4,M,S2,6025564.305362044
246,74.46757429910798,65.20238052256026,71.03789657718896,44.28849012100972,82.77972363466644,73.29253360501693,50.93761848990103,60.43318558675918,70.78405937442398,2,4,3,3,1,2,2,2,3,M,S2,3310642.689370906
247,61.502269306187685,92.68169293059783,78.19965191145162,60.9305659948683,70.58151072759176,76.10886382828417,92.04592093297377,63.91887541741131,84.76040719355947,4,2,3,2,3,3,4,4,2,F,S3,5440306.294952961
248,77.49417687685042,71.73326752490956,76.24752099663934,90.15444808352248,78.8173416896251,71.26631574996915,69.99802182904004,73.3014764232227,91.3673996183064,3,3,3,4,5,3,3,3,1,M,S2,6117726.296427226
249,61.2611088241143,84.67272975061687,89.07230011383635,62.91409475757658,60.887449948303,73.63203095242659,68.7377540436355,76.44949240205459,87.07994039860387,1,5,3,4,4,4,3,3,3,M,S3,3423169.955326246
250,49.682306837491865,72.72893992219073,73.58242445972462,76.35563416414709,82.28518643514536,81.37605812231209,77.58769805243922,86.9553138808671,59.81030219186685,4,4,2,1,2,2,4,2,2,M,S1,4082549.3949581613
251,71.16785163041384,80.4173764761619,72.80354984466246,68.55324048836509,78.31219278738529,91.18192489439078,79.6142483295852,88.009415130317,69.22385782135098,3,3,3,3,2,4,1,2,5,F,D3,4377762.937591206
252,81.43505174052112,76.65609615233633,100.0,77.29901608024564,69.84943977009871,81.39506512613063,81.17240866775373,73.42530136241058,64.05234135771892,2,4,1,3,4,3,5,1,2,M,D3,1528049.2966208183
253,69.97580219861459,57.867631174513406,67.1701082570376,95.97410068449484,64.03954503746549,59.114576382744495,76.41291027407102,74.14223484827684,71.76670209204352,3,4,2,3,4,2,1,4,5,F,D3,5336625.811916174
254,80.01791167777641,71.60154958155634,66.15507181339301,86.60348180966974,78.19789994556032,60.564429658162744,81.86875223202894,79.86168597966501,71.74701075676435,5,2,3,4,3,2,3,3,4,M,S2,5226827.515992709
255,79.09479386198049,88.8700731912492,76.08623500777166,73.29259699485718,74.61809230464775,67.28590798622807,80.31668783703871,68.09641659196514,76.1246304151785,4,5,3,4,4,3,5,2,3,M,S1,6263986.5653916085
256,77.7161891947662,66.81567680096066,75.10947816347044,85.46922739655885,61.962753689749334,67.02655444361021,65.5272491495819,78.2639655548691,87.4051607961496,1,3,2,4,3,3,3,4,5,M,S1,3298002.0051778383
257,58.18271464671166,72.04497710466916,73.93470894805917,58.804439712325944,72.25397673479561,83.73183140778606,71.09076940475259,77.42133155674027,77.49370282727652,3,2,4,1,3,4,3,2,4,M,S1,2404605.9042734825
258,88.33885745500572,99.97415126419854,75.46006386736342,68.58885739775356,100.0,61.8103150169749,75.20106466869099,76.79622272631923,88.45147620452414,3,3,2,3,2,3,2,2,4,F,D3,4253491.214856441
259,69.64442920301205,67.4256922524721,63.18713193327174,75.30536494995351,86.79259334610126,95.02682766408591,77.85399376721686,76.39993742636435,69.56526892746457,3,4,3,3,3,2,3,1,4,F,SMA,6460589.346278552
260,77.98797780321762,67.2654415596657,93.98734981355238,75.87016480392387,64.63856428024803,83.56737421470459,78.98048216509262,78.94579985484219,70.7424439534841,3,3,4,1,3,5,2,2,3,F,D3,3177790.796167035
261,76.35859424081657,74.47494931461348,73.55121438052113,75.43040870850388,85.22841471550764,73.09553814070783,69.2591742291273,72.18874515111914,80.79346759756775,4,2,3,3,2,3,2,1,3,M,SMA,5433454.63326498
262,74.00532894996515,67.78550656802558,75.78488890865457,85.9439979708314,92.82004586998721,77.9227664156891,82.55161135095973,77.69730707162812,74.12670635596398,4,4,2,2,2,3,4,2,1,M,D3,4235827.014993476
263,55.95064222582114,77.57533153128985,69.13471006907363,73.14114563927103,67.70130413537407,94.74396744480029,59.419272641464865,100.0,71.09363469248648,3,2,2,2,4,2,3,1,3,F,S2,6273713.9088982865
264,62.2548089269263,81.78742601718744,75.51385410624322,90.9842645535784,66.4479361768891,100.0,51.092178456747625,71.70496199363875,58.01430289377067,5,3,3,3,3,2,2,3,3,M,S2,6043065.854602594
265,86.7718496318434,76.36746647399231,51.95788064056033,71.3899077674743,100.0,72.69338333360292,86.03217572053659,89.419424019526,77.18963915855976,2,1,4,2,3,2,3,3,3,F,D3,4026034.436944416
266,72.20284710679627,93.61257373980528,65.5372436826997,57.355518277694415,77.91006862463814,78.1364036740782,81.6603457338986,81.72625760871952,92.707056507338,1,2,4,2,2,5,1,3,3,F,S1,6963704.962944916
267,65.78548976571079,69.34607029714599,77.43134655138489,70.2979666121469,81.12332214002512,65.21411610011346,61.18408281536419,57.01785260590893,52.76425832062803,2,3,2,4,4,3,1,2,2,F,SMA,4762023.224796481
268,77.17579536342963,67.501517896174,65.73005613325437,78.34894441752292,66.04004146830215,61.40030809880825,87.27799987851685,79.88095381379182,92.6750239576534,4,2,3,2,1,3,4,3,2,M,SMA,4276487.637180895
269,78.46113786801254,85.77871055827474,85.70098484827274,76.66781444402497,78.39089160804785,78.40538057372423,64.22127186371875,85.24073441766097,62.42143567879333,2,3,3,4,3,3,2,3,3,M,S3,7507021.363156214
270,65.98624320102826,80.057354324728,74.13298863851792,87.5761905635936,79.0605612242808,72.65075728479026,66.0648490748072,82.97850701382139,56.26558696045383,4,2,4,3,4,3,1,2,4,F,S3,5249983.726039766
271,80.64985158284512,74.92471625027841,74.31977188213726,90.68969868949063,81.04140927061785,55.100770333042725,82.99068122516388,81.98968800415122,86.84911287223431,2,3,3,2,4,3,4,2,2,M,S1,4198706.109171633
272,44.35543131241772,78.8364914491877,78.78980690522026,81.87167278540966,71.19507564449222,70.64948267618092,89.40321772801491,59.245953141782834,72.5288220633236,3,4,3,2,4,3,1,3,3,F,D3,7941115.930097172
273,60.53098709191644,87.58709458198267,66.9719698665086,59.5041893585484,85.00510867758433,70.24264187785329,84.47013964159608,65.85280494670589,89.7381233366588,4,2,1,5,3,2,4,4,4,M,SMA,1405587.4144615047
274,72.79535756105723,81.02037423381782,69.84586134554561,64.14174827703764,96.14175217941875,76.11040150970906,76.3840543415406,61.91005885124934,68.87639004203761,2,4,4,2,4,3,3,3,3,M,S1,5449477.8850951195
275,81.40562753073525,71.6309823727404,74.02047254014825,87.30170587997067,76.12422454948215,71.259815826429,68.68861657869964,77.73038108166247,66.45143197454424,4,2,4,3,2,3,2,3,2,F,S1,5243531.841224716
276,64.426773971879,73.65940446184871,70.78245528390603,81.81640963640486,67.35433016797303,66.39344407488767,78.17429197147348,94.80103054372938,73.24051376025336,3,4,4,4,3,3,2,3,3,M,S3,6075746.791540705
277,64.4840860671881,63.47577420639009,74.10188826426446,75.32819285379315,82.60976774091827,80.13303910561889,89.58685643212742,70.3280653572457,69.75713930572793,2,4,3,1,3,3,3,3,2,M,S1,5270106.556543972
278,72.27066679774487,66.64310994979964,85.97220191606438,83.67187412827738,70.02645628585907,80.76451345122423,59.91444031787144,76.84970575073156,79.52756352076695,5,2,2,2,2,4,5,3,4,M,S3,5200937.570870353
279,62.03166152832027,68.4278829178891,67.34254681293744,74.05581737863952,73.6447373102113,82.72314584440706,75.33723102921375,78.02883276719302,78.98448045512,3,4,3,5,5,4,3,4,2,F,S2,5764965.3758604955
280,67.73640692022853,71.55222554641104,56.280290944769476,63.26754310052332,78.54873802936046,66.3115392168157,85.63773983785576,65.46110911586688,79.53254501285771,2,3,1,3,2,4,3,2,3,F,S3,3841523.2359157484
281,86.71810143273845,89.98097633487784,66.83845010971956,60.449453949094476,78.01960900171764,69.52592477233127,93.68603219163002,75.34807540499833,66.97800591964821,2,4,2,3,4,3,3,3,4,M,S3,5095473.592244777
282,71.28220988476511,60.223875930805555,77.5760085739813,93.92191760833067,66.16280859308937,67.26970290397297,66.29272228356258,82.24591778723122,79.4848545419644,3,2,3,1,3,4,2,1,5,M,S1,4082360.540743123
283,82.11192453421576,55.77685894546035,61.56874732355459,71.04399626754292,97.38353161770861,65.61045852031133,65.69114756296806,90.2742938688018,76.94907205262376,4,2,3,4,3,4,3,2,3,F,SMA,6624499.907775302
284,64.23618812597942,68.26209894340523,84.57537163279767,47.873874361895616,73.50544306835012,60.69168798375328,70.23446198566475,72.01179910970797,71.41755622092492,2,2,5,5,2,5,3,3,3,M,S2,4010377.038119051
285,72.4054948339067,100.0,67.74002096254773,89.48595774541552,74.721944828461,81.79938463494645,87.44580255396252,77.72267384405998,71.4829284361971,3,3,5,2,1,1,2,4,4,M,S2,4868198.816105623
286,72.89911185892839,83.96077589495289,69.0173508344714,87.0292922928204,83.7555791943648,93.30333195308337,68.09656956722802,88.66974646202414,80.54092107003926,2,1,2,3,3,3,3,3,4,F,S1,2845565.4525753926
287,67.30800460578648,77.44162554586867,77.64845151194952,70.29875606125621,74.37362895430695,69.72087607313688,71.89260226723547,66.91137025535785,75.84104689782816,2,2,4,4,4,2,3,3,2,F,S1,6195249.417213708
288,67.25475390602577,59.52087557264149,80.60540425303809,83.88557873621394,91.07046683126963,72.9910979372657,71.5324872141968,72.60739795330544,81.70743825432888,3,3,4,2,4,4,1,2,1,M,S1,4704980.9025698
289,85.08778677520014,62.224725160683604,79.1204416214765,66.99538916455688,77.01404866562356,82.66606694575356,80.34401001293885,75.69367833030093,61.21540893787777,4,4,2,2,4,3,2,3,2,F,SMA,6375593.768558908
290,79.62104378754938,80.36120997684124,50.484636055911224,58.86096979880918,67.03543192353942,68.68606351840494,83.39827834939234,66.21098568531869,81.66927661357369,2,2,2,5,2,4,1,4,3,M,S1,5410968.303189331
291,81.90910957392192,70.5519316182951,76.39028686953125,74.54877109675948,65.7411009610885,73.86333310918565,73.56340470102882,73.34919434996954,75.3175945658145,3,3,4,2,2,5,2,2,4,F,S1,4232296.30099224
292,80.63917403104817,69.78346586294349,71.34770586285508,71.544721267273,76.72782622358245,62.79488464729998,65.52822951951953,91.80923698795891,79.02399097197011,4,3,3,3,4,4,3,4,1,F,D3,6338430.514587682
293,67.56771060549582,67.28197971205374,62.000936837887195,68.85881592526064,64.20265946068605,76.80217170507319,80.8993763232838,72.43426590361638,89.99723206256165,2,3,3,4,4,3,3,2,3,F,S3,3858686.1857420076
294,78.7534736354002,54.326851132763565,72.88702382961576,66.34716127607217,86.10506141976654,78.4611545315495,86.91246297390677,74.60875366446648,73.86110807232977,3,2,5,4,2,5,3,3,4,M,S1,2693069.109391249
295,68.4819262192629,71.35893778610787,84.66040798057362,88.57324661926442,79.93516035202879,73.6203690125684,72.66903078962851,80.4812632872729,77.27767001404872,1,4,2,2,1,3,2,1,3,M,S1,7299505.926090409
296,87.1273751426243,68.74788970950861,67.75066798597865,81.68676625351317,77.60060638112822,70.9799538366128,82.21226543748737,60.57517074407053,76.15001527852458,2,2,2,3,2,2,3,4,4,F,S1,7702698.086890469
297,81.57201101296053,73.60731293332414,90.1253070230255,63.6843739345367,69.35885199388406,71.2956739858956,73.47499929849688,71.54019169097509,71.73321434091014,3,1,4,5,3,2,2,4,3,F,D3,6039826.402488057
298,54.723227283291514,66.13959753021624,71.67420620150125,82.0314019723605,99.98430483721495,72.71994273190282,60.93022537896012,79.02268077201298,88.2099578954071,3,2,4,4,2,3,4,4,3,F,S3,4462880.830731021
299,88.96554489747516,63.341452319845786,73.89363500724421,70.34752947365729,81.0244541290941,80.78275798243553,65.99380406772029,81.58192173984416,71.19510917156109,2,3,2,4,3,3,3,5,5,M,SMA,3442165.5409461735
300,87.92429374337082,80.90004761104471,100.0,75.68350443653131,92.00429296459093,56.42521217336596,60.86485026802805,83.95525537416974,57.59632174385515,3,4,4,3,3,3,4,2,3,F,D3,6617646.116298066
301,94.21826389074187,46.132771959365236,70.03343122040529,71.5627632190792,89.56912612954301,79.7528880931858,79.99685836138156,87.59856190903125,73.2004329819672,4,2,2,5,3,4,2,4,5,F,S3,4545672.134301511
302,88.46099794514258,73.0669577355203,89.71585082569894,74.78143252557877,82.07231373804277,89.75112364309855,73.06572371418794,77.18388987544174,87.88863425206303,3,2,5,3,3,4,2,2,3,F,S1,2310385.4031314156
303,78.74485577591285,70.91058110758729,71.34817383706266,69.96756344698319,85.47513637087629,46.470564964003465,71.91322590325217,90.44984795382366,80.17230050277387,4,1,2,4,5,2,3,3,2,F,S1,3065779.1191854686
304,75.5844948070565,84.12620322540441,79.21716933003097,74.40345688007808,57.98334141712584,66.90275164232716,76.87800338042523,67.12825930013004,77.03359459998768,4,4,2,5,4,3,4,5,2,M,S3,4662106.0362629695
305,75.6102858355632,58.775346691074404,65.86206648416479,53.70672948830777,64.09764919814249,73.57751571360214,90.14714612494403,79.10674585419801,77.32860611964576,2,2,2,2,3,3,3,2,3,F,S2,4528377.824949837
306,59.044327537777725,75.34381822257936,73.83236002218423,59.20372547444824,69.08698553303462,80.97072561011359,63.635500613392956,62.57820930271507,71.7511637800826,4,5,4,4,3,2,4,3,3,M,SMA,3580955.2604735587
307,81.5450294878074,67.018097748188,85.91393263621374,82.82443648788482,96.80901004584707,80.1384845130557,84.0909968654759,59.394617119873956,84.41696742305723,4,5,3,3,2,2,3,1,2,M,S2,5578036.831909006
308,69.69820624683831,70.94907084263059,82.00693652809949,66.90941470518877,56.615470092907074,76.57031356926481,85.70848747568245,81.89180475646886,76.75484195530304,4,4,3,3,3,3,4,3,2,M,S2,1112688.1139372685
309,64.74357757462158,70.63484113623733,89.56232528853322,74.4615028875306,67.49539225251222,78.08751280991869,94.2095466708025,73.79303751592974,51.44473697348029,4,3,3,3,2,5,1,3,3,F,S2,6558664.651274677
310,80.30093119087627,57.952973728461885,84.81724674209636,80.06034722462039,80.28263258030373,69.29525976069431,73.1269582020511,55.27278471802883,83.66986672534625,2,2,2,5,2,4,3,2,2,F,SMA,4056715.868774012
311,59.87702008316005,67.03625524910491,81.5965229877725,70.77201145390137,77.04516002811226,70.04703929118931,70.12642634016034,64.74536325488846,74.08104374584312,3,3,3,3,1,4,3,3,5,M,S1,6229609.575887142
312,73.04527356414026,77.97227221585086,91.67256841749534,53.76007181874364,79.13616257571681,96.35586730077367,77.82034219209342,91.50572963232848,68.70787850470558,3,3,1,2,2,4,4,3,4,M,D3,4753775.880917339
313,72.50305827533207,71.31550124633972,75.10636268348681,61.63997107565072,59.758530929539845,82.14236482693929,70.777900743822,82.06484760581456,86.18183017150707,4,1,2,4,4,5,2,4,3,M,S3,8159990.707496654
314,93.36304152313244,55.544855035536216,74.63886674023723,76.49916343078642,82.22971581968389,92.39208896551233,64.38589747980882,64.92318174484552,74.98828823808786,2,1,3,4,3,4,3,2,3,M,D3,2712259.026441485
315,100.0,74.91897585991818,71.90942030635479,64.25802941624524,91.03231196622559,65.94815092850894,93.0956075738669,64.83811669229702,83.86659868632427,1,3,3,2,3,3,4,1,2,F,SMA,6906929.39319052
316,82.58789354772685,64.1648489299019,81.60897171119576,76.00192800092762,97.68061331792991,83.0216458249441,80.23367407677601,81.69424263341311,79.68845541666623,3,3,4,4,4,4,5,4,4,M,S3,3284508.800504447
317,78.67314167984478,70.83972425349131,79.28716601668896,75.09201657686452,73.39813037667572,56.907747435922495,64.75806996822286,73.59546900517486,58.116458603195966,2,3,2,4,2,3,3,3,5,M,S1,3133270.3251667013
318,79.4982721372651,67.92447714705894,69.6120969542329,67.7978797899321,63.743450321994146,74.58708638215339,60.254973129517644,84.4680756651187,75.55002936033375,3,3,3,3,2,3,2,2,1,M,S3,7008989.884219999
319,67.32913912736957,71.827898974834,84.24196774442504,67.46483158260033,85.96978498001491,69.76948721952604,65.84680844487882,70.0899703909723,58.8371559591193,1,3,3,3,3,5,3,2,2,F,D3,1000000.0
320,75.75248574766348,79.66086935473425,68.96647190104976,53.74165229029419,74.03275899907952,76.69695924603434,63.512812654238004,66.6986658941954,84.62712096063784,3,1,3,2,2,3,3,3,2,M,S2,4623801.441912582
321,70.82661960120684,55.790681641052856,81.37998629068247,61.81143224156651,67.51804184942291,79.17984634553297,56.83364429550894,61.792060571853,87.1866265914354,3,2,3,4,4,2,2,4,4,M,S2,5797419.7201828165
322,57.134156602892546,73.04297595297008,72.6744355222217,77.47634472629605,75.06046015935306,69.87288838227781,76.78359652359879,70.5222233715328,100.0,3,3,5,2,3,2,4,3,4,M,S3,5762076.497651814
323,90.60255529530932,55.48397087117114,61.84558692950154,88.09444101402647,72.23110644231197,68.28279210741923,62.45839013004396,69.44983298455891,60.97630716576175,5,3,3,4,4,4,4,2,3,F,D3,5476292.641705237
324,72.03811800382738,82.85230980422456,58.922824667793265,68.38102283813203,75.04199377329229,75.42728130505957,81.94036405476722,65.85411419606456,70.31989714997,4,1,3,4,2,3,4,4,3,M,S1,6486438.972686729
325,91.21647595951322,91.34141008885491,74.43985328166329,77.53008486677791,68.88398420797135,69.92784452394454,85.46257213437173,91.02211388731675,68.02716319530185,3,3,4,3,1,4,3,3,3,M,S1,5691195.865423951
326,59.776656817182555,82.97975254581905,69.4489077207165,75.12169682282905,74.07125498606948,62.28451479107716,63.469156682602176,84.67794469003427,78.98992157501695,4,3,3,1,3,3,5,4,5,F,S1,5896306.558842093
327,94.20874419210276,80.3280828645677,59.6536924946008,90.59048578637362,67.56577514891217,69.74117742274866,85.21383139083204,88.61707113656695,64.99260971558736,4,4,2,3,5,1,4,4,4,F,D3,1000000.0
328,84.11206298082783,88.84569691049387,85.95881753473742,95.53338810077676,84.6517728350589,69.62794898647485,87.39011134415279,69.06033719444585,75.82417924945979,4,3,4,5,2,3,3,3,3,M,SMA,6163729.409412603
329,80.76690146784124,88.35286330699388,59.07054951790026,82.57369758533753,85.23766232597781,81.38620219936767,75.86622692205121,64.99587218193874,88.91423353536243,3,2,3,3,1,3,3,4,1,F,S3,4683995.109792256
330,64.15408917730407,56.86977764250986,58.569763752846825,73.69160124993122,96.06910018451268,47.82926609368593,82.00217889235063,68.22284587614058,71.64505040971657,2,2,3,3,4,1,4,4,3,F,S3,4368557.574397309
331,73.07600413576769,81.1171957368172,70.66204700290477,81.63702435937672,65.21230770883992,75.36168879863462,84.80632515109934,79.67204657245925,76.92028733449212,5,4,4,4,4,5,3,4,3,F,S1,3217196.8190583494
332,94.88820053783795,74.77913685008423,67.18495536726057,76.24041807772022,93.96889156165071,71.10319357700445,81.87010709448197,86.86461037330324,56.085761081500934,2,4,2,3,2,3,2,4,3,M,S2,5148289.16751653
333,54.3469722495939,96.21631307330203,72.16848115120125,54.74960086323827,76.58093898576786,75.33443467973152,74.18105620427507,84.91191112926666,82.47444971427056,3,3,3,5,2,3,3,4,2,M,S2,5795855.037443786
334,59.84595365069168,73.78851174862986,89.38525775392854,69.34246337026532,86.8425305191366,75.55096492656854,82.1250383951596,70.87858587175216,75.84380881645666,3,2,3,1,2,4,4,3,2,M,D3,6549287.1932983715
335,68.44347118518972,64.5547835379912,78.3981299200045,59.48352217552439,63.77257227718532,68.34865010348769,57.032098877692775,74.72200896140903,53.935047609919046,3,3,2,3,3,4,4,4,5,M,S1,4406830.191814589
336,70.87320479051425,70.32106163826775,94.85637686225776,73.84458531034839,87.69232906920227,86.91434977719439,76.89547856080871,60.48359156270495,74.06081361349084,3,4,3,2,4,3,1,3,4,F,S1,3735592.7107013175
337,61.573535030895805,68.52498269616117,88.99911560231394,77.59326385291115,58.35883852022771,83.83232146677337,59.007352739472196,71.92979502387249,80.63276554576478,4,1,4,4,2,3,1,1,4,M,SMA,3837704.770643024
338,82.2158547768579,78.76884703298933,64.58186631995402,66.66514575752869,71.39942777425662,72.6064168993725,74.57811083830423,75.48873215194416,87.34850537734538,3,2,2,3,3,1,3,4,4,M,S1,5560149.759141189
339,67.93080214094039,87.71908780738157,83.28639379424877,67.53726978368896,56.21276040322014,67.74484451519683,80.43534227465913,68.4173985727677,78.30067810800516,4,3,3,4,2,2,4,3,3,M,S2,4773595.074734011
340,67.26809031513372,75.87715009317763,76.75386124539946,82.02276427551578,89.70432303012538,71.36106210491077,87.15480593634632,75.65937593427986,59.72681012582218,5,5,4,3,3,3,4,3,5,F,D3,5052293.622993749
341,85.4394676398319,74.82258922110145,59.91880681704028,68.29997321231671,88.08185449970264,65.62997486637617,83.94077487237618,76.21673436694573,73.28299698270887,5,2,2,3,5,3,3,3,3,F,SMA,7591945.753072647
342,70.30653533573289,62.14135982720285,69.9451024455549,77.08853542534332,75.58212727085056,71.0656210372545,55.908025410227566,79.70482996129107,94.723444790822,3,4,4,3,4,3,3,2,3,F,S3,5471194.244675999
343,80.31665595938595,79.56599848698502,77.13561199689245,72.9668346617027,77.11564833194248,94.6754074619586,72.04972647885843,87.06587419804208,68.80363576083536,2,5,4,4,4,4,3,4,2,F,S1,4436749.939886644
344,81.99464246895703,56.24992612528064,86.79988529689787,85.52211155957059,75.97434110297303,72.73057533862075,79.00000005613566,97.8879066088029,57.36763301096515,4,2,3,3,3,3,2,4,1,F,SMA,5809646.769242513
345,60.76006150303988,70.0627241394178,60.9471811274511,76.62383185133046,62.71254744247811,75.30146398782014,86.6200770427121,82.82372770292163,74.18289307858421,2,3,2,3,1,4,3,5,4,M,S3,6164342.75708616
346,70.16066555048766,87.37180800289009,72.45523923354658,70.41974816985443,79.75334925427491,64.3664550016968,85.21624764399948,64.44010188073156,64.49945210176814,2,4,2,2,2,3,2,2,5,F,S1,3709151.89427917
347,68.94213473794784,72.94498920253977,84.75394420665162,80.19514531581947,77.2154522390106,69.19199906510747,55.17883250955869,55.78243951267346,58.36263533057988,3,4,4,4,2,4,2,4,1,M,S1,4694248.079256194
348,68.19030140583551,86.02758708665654,87.17371623557273,70.66719191900778,77.78463452942137,76.36907425407144,46.7289855927,61.04139921236273,84.42254414182077,2,4,3,4,2,3,3,2,2,F,S2,5341221.321238495
349,81.29670171051791,75.63596282544295,75.94714251857279,70.01505595963977,70.67814182950276,67.07529641642103,69.81398348304973,80.94675591834998,82.06405624433849,2,2,2,3,1,2,2,3,3,F,S3,6999864.48305872
350,66.71804524310672,67.81045821144735,67.8546293902195,75.59600988974636,72.2575754279371,84.88071112858138,91.45113992510404,68.20800521567632,65.6199257596825,2,3,3,2,2,1,2,4,3,M,S3,4712697.0158937
